Date,Price,European Union GDP Growth,Switzerland GDP Growth,EUR Gold Prices (onz),CHF Gold Prices (onz),Oil Prices (Mean)
06/28/2024,0.9628,0.30%,0.40%,"2,161.7","2,078.2",28.52802703
06/27/2024,0.9616,0.30%,0.40%,"2,161.7","2,078.2",28.52802703
06/26/2024,0.9581,0.30%,0.40%,"2,161.7","2,078.2",28.52802703
06/25/2024,0.9584,0.30%,0.40%,"2,161.7","2,078.2",28.52802703
06/24/2024,0.958,0.30%,0.40%,"2,161.7","2,078.2",28.52802703
06/21/2024,0.9555,0.30%,0.40%,"2,161.7","2,078.2",28.52802703
06/20/2024,0.9535,0.30%,0.40%,"2,161.7","2,078.2",28.52802703
06/19/2024,0.9499,0.30%,0.40%,"2,161.7","2,078.2",28.52802703
06/18/2024,0.9493,0.30%,0.40%,"2,161.7","2,078.2",28.52802703
06/17/2024,0.9546,0.30%,0.40%,"2,161.7","2,078.2",28.52802703
06/14/2024,0.9524,0.30%,0.40%,"2,161.7","2,078.2",28.52802703
06/13/2024,0.9594,0.30%,0.40%,"2,161.7","2,078.2",28.52802703
06/12/2024,0.9663,0.30%,0.40%,"2,161.7","2,078.2",28.52802703
06/11/2024,0.9637,0.30%,0.40%,"2,161.7","2,078.2",28.52802703
06/10/2024,0.9647,0.30%,0.40%,"2,161.7","2,078.2",28.52802703
06/07/2024,0.9676,0.30%,0.40%,"2,161.7","2,078.2",28.52802703
06/06/2024,0.9681,0.30%,0.40%,"2,161.7","2,078.2",28.52802703
06/05/2024,0.9707,0.30%,0.40%,"2,161.7","2,078.2",28.52802703
06/04/2024,0.9678,0.30%,0.40%,"2,161.7","2,078.2",28.52802703
06/03/2024,0.9763,0.30%,0.40%,"2,161.7","2,078.2",28.52802703
05/31/2024,0.9777,0.30%,0.40%,"2,175.4","2,138.2",81.79694847
05/30/2024,0.9781,0.30%,0.40%,"2,175.4","2,138.2",81.79694847
05/29/2024,0.986,0.30%,0.40%,"2,175.4","2,138.2",81.79694847
05/28/2024,0.9902,0.30%,0.40%,"2,175.4","2,138.2",81.79694847
05/27/2024,0.9921,0.30%,0.40%,"2,175.4","2,138.2",81.79694847
05/24/2024,0.9919,0.30%,0.40%,"2,175.4","2,138.2",81.79694847
05/23/2024,0.9886,0.30%,0.40%,"2,175.4","2,138.2",81.79694847
05/22/2024,0.9908,0.30%,0.40%,"2,175.4","2,138.2",81.79694847
05/21/2024,0.9884,0.30%,0.40%,"2,175.4","2,138.2",81.79694847
05/20/2024,0.9882,0.30%,0.40%,"2,175.4","2,138.2",81.79694847
05/17/2024,0.988,0.30%,0.40%,"2,175.4","2,138.2",81.79694847
05/16/2024,0.9844,0.30%,0.40%,"2,175.4","2,138.2",81.79694847
05/15/2024,0.9816,0.30%,0.40%,"2,175.4","2,138.2",81.79694847
05/14/2024,0.9805,0.30%,0.40%,"2,175.4","2,138.2",81.79694847
05/13/2024,0.9797,0.30%,0.40%,"2,175.4","2,138.2",81.79694847
05/10/2024,0.976,0.30%,0.40%,"2,175.4","2,138.2",81.79694847
05/09/2024,0.9765,0.30%,0.40%,"2,175.4","2,138.2",81.79694847
05/08/2024,0.9757,0.30%,0.40%,"2,175.4","2,138.2",81.79694847
05/07/2024,0.9766,0.30%,0.40%,"2,175.4","2,138.2",81.79694847
05/06/2024,0.9757,0.30%,0.40%,"2,175.4","2,138.2",81.79694847
05/03/2024,0.974,0.30%,0.40%,"2,175.4","2,138.2",81.79694847
05/02/2024,0.9765,0.30%,0.40%,"2,175.4","2,138.2",81.79694847
05/01/2024,0.9804,0.30%,0.40%,"2,175.4","2,138.2",81.79694847
04/30/2024,0.9802,0.30%,0.40%,"2,178.3","2,125.7",77.08639388
04/29/2024,0.9758,0.30%,0.40%,"2,178.3","2,125.7",77.08639388
04/26/2024,0.9772,0.30%,0.40%,"2,178.3","2,125.7",77.08639388
04/25/2024,0.9785,0.30%,0.40%,"2,178.3","2,125.7",77.08639388
04/24/2024,0.9787,0.30%,0.40%,"2,178.3","2,125.7",77.08639388
04/23/2024,0.9754,0.30%,0.40%,"2,178.3","2,125.7",77.08639388
04/22/2024,0.9712,0.30%,0.40%,"2,178.3","2,125.7",77.08639388
04/19/2024,0.9695,0.30%,0.40%,"2,178.3","2,125.7",77.08639388
04/18/2024,0.9707,0.30%,0.40%,"2,178.3","2,125.7",77.08639388
04/17/2024,0.9717,0.30%,0.40%,"2,178.3","2,125.7",77.08639388
04/16/2024,0.969,0.30%,0.40%,"2,178.3","2,125.7",77.08639388
04/15/2024,0.9681,0.30%,0.40%,"2,178.3","2,125.7",77.08639388
04/12/2024,0.9727,0.30%,0.40%,"2,178.3","2,125.7",77.08639388
04/11/2024,0.9757,0.30%,0.40%,"2,178.3","2,125.7",77.08639388
04/10/2024,0.9802,0.30%,0.40%,"2,178.3","2,125.7",77.08639388
04/09/2024,0.9807,0.30%,0.40%,"2,178.3","2,125.7",77.08639388
04/08/2024,0.9828,0.30%,0.40%,"2,178.3","2,125.7",77.08639388
04/05/2024,0.9767,0.30%,0.40%,"2,178.3","2,125.7",77.08639388
04/04/2024,0.9766,0.30%,0.40%,"2,178.3","2,125.7",77.08639388
04/03/2024,0.9783,0.30%,0.40%,"2,178.3","2,125.7",77.08639388
04/02/2024,0.9775,0.30%,0.40%,"2,178.3","2,125.7",77.08639388
04/01/2024,0.9713,0.30%,0.40%,"2,178.3","2,125.7",77.08639388
03/29/2024,0.9732,0.30%,0.10%,"1,984.9","1,917.0",18.2952845
03/28/2024,0.9726,0.30%,0.10%,"1,984.9","1,917.0",18.2952845
03/27/2024,0.9783,0.30%,0.10%,"1,984.9","1,917.0",18.2952845
03/26/2024,0.9788,0.30%,0.10%,"1,984.9","1,917.0",18.2952845
03/25/2024,0.9744,0.30%,0.10%,"1,984.9","1,917.0",18.2952845
03/22/2024,0.9699,0.30%,0.10%,"1,984.9","1,917.0",18.2952845
03/21/2024,0.9747,0.30%,0.10%,"1,984.9","1,917.0",18.2952845
03/20/2024,0.9685,0.30%,0.10%,"1,984.9","1,917.0",18.2952845
03/19/2024,0.9647,0.30%,0.10%,"1,984.9","1,917.0",18.2952845
03/18/2024,0.965,0.30%,0.10%,"1,984.9","1,917.0",18.2952845
03/15/2024,0.9619,0.30%,0.10%,"1,984.9","1,917.0",18.2952845
03/14/2024,0.9617,0.30%,0.10%,"1,984.9","1,917.0",18.2952845
03/13/2024,0.9617,0.30%,0.10%,"1,984.9","1,917.0",18.2952845
03/12/2024,0.9583,0.30%,0.10%,"1,984.9","1,917.0",18.2952845
03/11/2024,0.9585,0.30%,0.10%,"1,984.9","1,917.0",18.2952845
03/08/2024,0.9597,0.30%,0.10%,"1,984.9","1,917.0",18.2952845
03/07/2024,0.9605,0.30%,0.10%,"1,984.9","1,917.0",18.2952845
03/06/2024,0.961,0.30%,0.10%,"1,984.9","1,917.0",18.2952845
03/05/2024,0.9587,0.30%,0.10%,"1,984.9","1,917.0",18.2952845
03/04/2024,0.9603,0.30%,0.10%,"1,984.9","1,917.0",18.2952845
03/01/2024,0.9572,0.30%,0.10%,"1,984.9","1,917.0",18.2952845
02/29/2024,0.9554,0.30%,0.10%,"1,874.9","1,775.5",72.96144586
02/28/2024,0.9521,0.30%,0.10%,"1,874.9","1,775.5",72.96144586
02/27/2024,0.9524,0.30%,0.10%,"1,874.9","1,775.5",72.96144586
02/26/2024,0.9546,0.30%,0.10%,"1,874.9","1,775.5",72.96144586
02/23/2024,0.9533,0.30%,0.10%,"1,874.9","1,775.5",72.96144586
02/22/2024,0.9525,0.30%,0.10%,"1,874.9","1,775.5",72.96144586
02/21/2024,0.9512,0.30%,0.10%,"1,874.9","1,775.5",72.96144586
02/20/2024,0.9526,0.30%,0.10%,"1,874.9","1,775.5",72.96144586
02/19/2024,0.9506,0.30%,0.10%,"1,874.9","1,775.5",72.96144586
02/16/2024,0.9487,0.30%,0.10%,"1,874.9","1,775.5",72.96144586
02/15/2024,0.9477,0.30%,0.10%,"1,874.9","1,775.5",72.96144586
02/14/2024,0.9502,0.30%,0.10%,"1,874.9","1,775.5",72.96144586
02/13/2024,0.9496,0.30%,0.10%,"1,874.9","1,775.5",72.96144586
02/12/2024,0.9431,0.30%,0.10%,"1,874.9","1,775.5",72.96144586
02/09/2024,0.943,0.30%,0.10%,"1,874.9","1,775.5",72.96144586
02/08/2024,0.9414,0.30%,0.10%,"1,874.9","1,775.5",72.96144586
02/07/2024,0.9417,0.30%,0.10%,"1,874.9","1,775.5",72.96144586
02/06/2024,0.9352,0.30%,0.10%,"1,874.9","1,775.5",72.96144586
02/05/2024,0.935,0.30%,0.10%,"1,874.9","1,775.5",72.96144586
02/02/2024,0.9343,0.30%,0.10%,"1,874.9","1,775.5",72.96144586
02/01/2024,0.9323,0.30%,0.10%,"1,874.9","1,775.5",72.96144586
01/31/2024,0.9314,0.30%,0.10%,"1,866.2","1,747.6",102.4679962
01/30/2024,0.9343,0.30%,0.10%,"1,866.2","1,747.6",102.4679962
01/29/2024,0.9328,0.30%,0.10%,"1,866.2","1,747.6",102.4679962
01/26/2024,0.938,0.30%,0.10%,"1,866.2","1,747.6",102.4679962
01/25/2024,0.94,0.30%,0.10%,"1,866.2","1,747.6",102.4679962
01/24/2024,0.9388,0.30%,0.10%,"1,866.2","1,747.6",102.4679962
01/23/2024,0.9439,0.30%,0.10%,"1,866.2","1,747.6",102.4679962
01/22/2024,0.9455,0.30%,0.10%,"1,866.2","1,747.6",102.4679962
01/19/2024,0.9464,0.30%,0.10%,"1,866.2","1,747.6",102.4679962
01/18/2024,0.9439,0.30%,0.10%,"1,866.2","1,747.6",102.4679962
01/17/2024,0.9403,0.30%,0.10%,"1,866.2","1,747.6",102.4679962
01/16/2024,0.9368,0.30%,0.10%,"1,866.2","1,747.6",102.4679962
01/15/2024,0.9365,0.30%,0.10%,"1,866.2","1,747.6",102.4679962
01/12/2024,0.9331,0.30%,0.10%,"1,866.2","1,747.6",102.4679962
01/11/2024,0.9344,0.30%,0.10%,"1,866.2","1,747.6",102.4679962
01/10/2024,0.9334,0.30%,0.10%,"1,866.2","1,747.6",102.4679962
01/09/2024,0.9313,0.30%,0.10%,"1,866.2","1,747.6",102.4679962
01/08/2024,0.9283,0.30%,0.10%,"1,866.2","1,747.6",102.4679962
01/05/2024,0.9298,0.30%,0.10%,"1,866.2","1,747.6",102.4679962
01/04/2024,0.9302,0.30%,0.10%,"1,866.2","1,747.6",102.4679962
01/03/2024,0.9272,0.30%,0.10%,"1,866.2","1,747.6",102.4679962
01/02/2024,0.9298,0.30%,0.10%,"1,866.2","1,747.6",102.4679962
01/01/2024,0.929,0.30%,0.10%,"1,866.2","1,747.6",102.4679962
12/29/2023,0.9287,0.10%,0.30%,"1,863.7","1,760.1",100.0096652
12/28/2023,0.9338,0.10%,0.30%,"1,863.7","1,760.1",100.0096652
12/27/2023,0.9361,0.10%,0.30%,"1,863.7","1,760.1",100.0096652
12/26/2023,0.9423,0.10%,0.30%,"1,863.7","1,760.1",100.0096652
12/25/2023,0.9424,0.10%,0.30%,"1,863.7","1,760.1",100.0096652
12/22/2023,0.9419,0.10%,0.30%,"1,863.7","1,760.1",100.0096652
12/21/2023,0.9424,0.10%,0.30%,"1,863.7","1,760.1",100.0096652
12/20/2023,0.9435,0.10%,0.30%,"1,863.7","1,760.1",100.0096652
12/19/2023,0.9452,0.10%,0.30%,"1,863.7","1,760.1",100.0096652
12/18/2023,0.9469,0.10%,0.30%,"1,863.7","1,760.1",100.0096652
12/15/2023,0.948,0.10%,0.30%,"1,863.7","1,760.1",100.0096652
12/14/2023,0.9534,0.10%,0.30%,"1,863.7","1,760.1",100.0096652
12/13/2023,0.9476,0.10%,0.30%,"1,863.7","1,760.1",100.0096652
12/12/2023,0.9444,0.10%,0.30%,"1,863.7","1,760.1",100.0096652
12/11/2023,0.9453,0.10%,0.30%,"1,863.7","1,760.1",100.0096652
12/08/2023,0.9465,0.10%,0.30%,"1,863.7","1,760.1",100.0096652
12/07/2023,0.9443,0.10%,0.30%,"1,863.7","1,760.1",100.0096652
12/06/2023,0.9412,0.10%,0.30%,"1,863.7","1,760.1",100.0096652
12/05/2023,0.9443,0.10%,0.30%,"1,863.7","1,760.1",100.0096652
12/04/2023,0.9455,0.10%,0.30%,"1,863.7","1,760.1",100.0096652
12/01/2023,0.9458,0.10%,0.30%,"1,863.7","1,760.1",100.0096652
11/30/2023,0.9525,0.10%,0.30%,"1,835.6","1,768.1",100.5131516
11/29/2023,0.9585,0.10%,0.30%,"1,835.6","1,768.1",100.5131516
11/28/2023,0.9649,0.10%,0.30%,"1,835.6","1,768.1",100.5131516
11/27/2023,0.9641,0.10%,0.30%,"1,835.6","1,768.1",100.5131516
11/24/2023,0.9653,0.10%,0.30%,"1,835.6","1,768.1",100.5131516
11/23/2023,0.9641,0.10%,0.30%,"1,835.6","1,768.1",100.5131516
11/22/2023,0.9621,0.10%,0.30%,"1,835.6","1,768.1",100.5131516
11/21/2023,0.9637,0.10%,0.30%,"1,835.6","1,768.1",100.5131516
11/20/2023,0.9678,0.10%,0.30%,"1,835.6","1,768.1",100.5131516
11/17/2023,0.9658,0.10%,0.30%,"1,835.6","1,768.1",100.5131516
11/16/2023,0.964,0.10%,0.30%,"1,835.6","1,768.1",100.5131516
11/15/2023,0.963,0.10%,0.30%,"1,835.6","1,768.1",100.5131516
11/14/2023,0.9671,0.10%,0.30%,"1,835.6","1,768.1",100.5131516
11/13/2023,0.9642,0.10%,0.30%,"1,835.6","1,768.1",100.5131516
11/10/2023,0.9642,0.10%,0.30%,"1,835.6","1,768.1",100.5131516
11/09/2023,0.9628,0.10%,0.30%,"1,835.6","1,768.1",100.5131516
11/08/2023,0.9627,0.10%,0.30%,"1,835.6","1,768.1",100.5131516
11/07/2023,0.9629,0.10%,0.30%,"1,835.6","1,768.1",100.5131516
11/06/2023,0.9638,0.10%,0.30%,"1,835.6","1,768.1",100.5131516
11/03/2023,0.9643,0.10%,0.30%,"1,835.6","1,768.1",100.5131516
11/02/2023,0.9623,0.10%,0.30%,"1,835.6","1,768.1",100.5131516
11/01/2023,0.9593,0.10%,0.30%,"1,835.6","1,768.1",100.5131516
10/31/2023,0.9628,0.10%,0.30%,"1,811.1","1,728.7",146.9505442
10/30/2023,0.9571,0.10%,0.30%,"1,811.1","1,728.7",146.9505442
10/27/2023,0.9529,0.10%,0.30%,"1,811.1","1,728.7",146.9505442
10/26/2023,0.9489,0.10%,0.30%,"1,811.1","1,728.7",146.9505442
10/25/2023,0.9472,0.10%,0.30%,"1,811.1","1,728.7",146.9505442
10/24/2023,0.9457,0.10%,0.30%,"1,811.1","1,728.7",146.9505442
10/23/2023,0.9503,0.10%,0.30%,"1,811.1","1,728.7",146.9505442
10/20/2023,0.9446,0.10%,0.30%,"1,811.1","1,728.7",146.9505442
10/19/2023,0.943,0.10%,0.30%,"1,811.1","1,728.7",146.9505442
10/18/2023,0.947,0.10%,0.30%,"1,811.1","1,728.7",146.9505442
10/17/2023,0.9519,0.10%,0.30%,"1,811.1","1,728.7",146.9505442
10/16/2023,0.9502,0.10%,0.30%,"1,811.1","1,728.7",146.9505442
10/13/2023,0.9479,0.10%,0.30%,"1,811.1","1,728.7",146.9505442
10/12/2023,0.956,0.10%,0.30%,"1,811.1","1,728.7",146.9505442
10/11/2023,0.9574,0.10%,0.30%,"1,811.1","1,728.7",146.9505442
10/10/2023,0.9588,0.10%,0.30%,"1,811.1","1,728.7",146.9505442
10/09/2023,0.9577,0.10%,0.30%,"1,811.1","1,728.7",146.9505442
10/06/2023,0.9632,0.10%,0.30%,"1,811.1","1,728.7",146.9505442
10/05/2023,0.9621,0.10%,0.30%,"1,811.1","1,728.7",146.9505442
10/04/2023,0.9631,0.10%,0.30%,"1,811.1","1,728.7",146.9505442
10/03/2023,0.9636,0.10%,0.30%,"1,811.1","1,728.7",146.9505442
10/02/2023,0.9618,0.10%,0.30%,"1,811.1","1,728.7",146.9505442
09/29/2023,0.967,0.10%,0.20%,"1,795.6","1,723.4",101.4350341
09/28/2023,0.9659,0.10%,0.20%,"1,795.6","1,723.4",101.4350341
09/27/2023,0.9672,0.10%,0.20%,"1,795.6","1,723.4",101.4350341
09/26/2023,0.9678,0.10%,0.20%,"1,795.6","1,723.4",101.4350341
09/25/2023,0.9657,0.10%,0.20%,"1,795.6","1,723.4",101.4350341
09/22/2023,0.966,0.10%,0.20%,"1,795.6","1,723.4",101.4350341
09/21/2023,0.9638,0.10%,0.20%,"1,795.6","1,723.4",101.4350341
09/20/2023,0.9576,0.10%,0.20%,"1,795.6","1,723.4",101.4350341
09/19/2023,0.9583,0.10%,0.20%,"1,795.6","1,723.4",101.4350341
09/18/2023,0.9588,0.10%,0.20%,"1,795.6","1,723.4",101.4350341
09/15/2023,0.9562,0.10%,0.20%,"1,795.6","1,723.4",101.4350341
09/14/2023,0.9529,0.10%,0.20%,"1,795.6","1,723.4",101.4350341
09/13/2023,0.9587,0.10%,0.20%,"1,795.6","1,723.4",101.4350341
09/12/2023,0.9582,0.10%,0.20%,"1,795.6","1,723.4",101.4350341
09/11/2023,0.9573,0.10%,0.20%,"1,795.6","1,723.4",101.4350341
09/08/2023,0.9556,0.10%,0.20%,"1,795.6","1,723.4",101.4350341
09/07/2023,0.9551,0.10%,0.20%,"1,795.6","1,723.4",101.4350341
09/06/2023,0.9557,0.10%,0.20%,"1,795.6","1,723.4",101.4350341
09/05/2023,0.9536,0.10%,0.20%,"1,795.6","1,723.4",101.4350341
09/04/2023,0.954,0.10%,0.20%,"1,795.6","1,723.4",101.4350341
09/01/2023,0.9541,0.10%,0.20%,"1,795.6","1,723.4",101.4350341
08/31/2023,0.9574,0.10%,0.20%,"1,759.0","1,685.8",114.10623
08/30/2023,0.959,0.10%,0.20%,"1,759.0","1,685.8",114.10623
08/29/2023,0.9552,0.10%,0.20%,"1,759.0","1,685.8",114.10623
08/28/2023,0.9558,0.10%,0.20%,"1,759.0","1,685.8",114.10623
08/25/2023,0.9553,0.10%,0.20%,"1,759.0","1,685.8",114.10623
08/24/2023,0.9558,0.10%,0.20%,"1,759.0","1,685.8",114.10623
08/23/2023,0.9531,0.10%,0.20%,"1,759.0","1,685.8",114.10623
08/22/2023,0.9544,0.10%,0.20%,"1,759.0","1,685.8",114.10623
08/21/2023,0.9566,0.10%,0.20%,"1,759.0","1,685.8",114.10623
08/18/2023,0.9579,0.10%,0.20%,"1,759.0","1,685.8",114.10623
08/17/2023,0.9547,0.10%,0.20%,"1,759.0","1,685.8",114.10623
08/16/2023,0.9571,0.10%,0.20%,"1,759.0","1,685.8",114.10623
08/15/2023,0.9574,0.10%,0.20%,"1,759.0","1,685.8",114.10623
08/14/2023,0.9574,0.10%,0.20%,"1,759.0","1,685.8",114.10623
08/11/2023,0.9595,0.10%,0.20%,"1,759.0","1,685.8",114.10623
08/10/2023,0.9624,0.10%,0.20%,"1,759.0","1,685.8",114.10623
08/09/2023,0.9624,0.10%,0.20%,"1,759.0","1,685.8",114.10623
08/08/2023,0.9596,0.10%,0.20%,"1,759.0","1,685.8",114.10623
08/07/2023,0.9598,0.10%,0.20%,"1,759.0","1,685.8",114.10623
08/04/2023,0.9608,0.10%,0.20%,"1,759.0","1,685.8",114.10623
08/03/2023,0.9566,0.10%,0.20%,"1,759.0","1,685.8",114.10623
08/02/2023,0.9596,0.10%,0.20%,"1,759.0","1,685.8",114.10623
08/01/2023,0.9611,0.10%,0.20%,"1,759.0","1,685.8",114.10623
07/31/2023,0.9585,0.10%,0.20%,"1,762.6","1,702.1",27.48357118
07/28/2023,0.9581,0.10%,0.20%,"1,762.6","1,702.1",27.48357118
07/27/2023,0.9532,0.10%,0.20%,"1,762.6","1,702.1",27.48357118
07/26/2023,0.9538,0.10%,0.20%,"1,762.6","1,702.1",27.48357118
07/25/2023,0.9543,0.10%,0.20%,"1,762.6","1,702.1",27.48357118
07/24/2023,0.9621,0.10%,0.20%,"1,762.6","1,702.1",27.48357118
07/21/2023,0.9627,0.10%,0.20%,"1,762.6","1,702.1",27.48357118
07/20/2023,0.9645,0.10%,0.20%,"1,762.6","1,702.1",27.48357118
07/19/2023,0.9612,0.10%,0.20%,"1,762.6","1,702.1",27.48357118
07/18/2023,0.9623,0.10%,0.20%,"1,762.6","1,702.1",27.48357118
07/17/2023,0.9668,0.10%,0.20%,"1,762.6","1,702.1",27.48357118
07/14/2023,0.9674,0.10%,0.20%,"1,762.6","1,702.1",27.48357118
07/13/2023,0.9637,0.10%,0.20%,"1,762.6","1,702.1",27.48357118
07/12/2023,0.9652,0.10%,0.20%,"1,762.6","1,702.1",27.48357118
07/11/2023,0.9678,0.10%,0.20%,"1,762.6","1,702.1",27.48357118
07/10/2023,0.9735,0.10%,0.20%,"1,762.6","1,702.1",27.48357118
07/07/2023,0.9741,0.10%,0.20%,"1,762.6","1,702.1",27.48357118
07/06/2023,0.9744,0.10%,0.20%,"1,762.6","1,702.1",27.48357118
07/05/2023,0.9753,0.10%,0.20%,"1,762.6","1,702.1",27.48357118
07/04/2023,0.9753,0.10%,0.20%,"1,762.6","1,702.1",27.48357118
07/03/2023,0.978,0.10%,0.20%,"1,762.6","1,702.1",27.48357118
06/30/2023,0.9768,0.10%,-0.20%,"1,791.7","1,748.7",77.11199445
06/29/2023,0.977,0.10%,-0.20%,"1,791.7","1,748.7",77.11199445
06/28/2023,0.9785,0.10%,-0.20%,"1,791.7","1,748.7",77.11199445
06/27/2023,0.9793,0.10%,-0.20%,"1,791.7","1,748.7",77.11199445
06/26/2023,0.9766,0.10%,-0.20%,"1,791.7","1,748.7",77.11199445
06/23/2023,0.9771,0.10%,-0.20%,"1,791.7","1,748.7",77.11199445
06/22/2023,0.9803,0.10%,-0.20%,"1,791.7","1,748.7",77.11199445
06/21/2023,0.9809,0.10%,-0.20%,"1,791.7","1,748.7",77.11199445
06/20/2023,0.9801,0.10%,-0.20%,"1,791.7","1,748.7",77.11199445
06/19/2023,0.978,0.10%,-0.20%,"1,791.7","1,748.7",77.11199445
06/16/2023,0.9774,0.10%,-0.20%,"1,791.7","1,748.7",77.11199445
06/15/2023,0.9759,0.10%,-0.20%,"1,791.7","1,748.7",77.11199445
06/14/2023,0.9759,0.10%,-0.20%,"1,791.7","1,748.7",77.11199445
06/13/2023,0.9766,0.10%,-0.20%,"1,791.7","1,748.7",77.11199445
06/12/2023,0.9778,0.10%,-0.20%,"1,791.7","1,748.7",77.11199445
06/09/2023,0.9713,0.10%,-0.20%,"1,791.7","1,748.7",77.11199445
06/08/2023,0.9686,0.10%,-0.20%,"1,791.7","1,748.7",77.11199445
06/07/2023,0.9737,0.10%,-0.20%,"1,791.7","1,748.7",77.11199445
06/06/2023,0.9704,0.10%,-0.20%,"1,791.7","1,748.7",77.11199445
06/05/2023,0.9706,0.10%,-0.20%,"1,791.7","1,748.7",77.11199445
06/02/2023,0.9731,0.10%,-0.20%,"1,791.7","1,748.7",77.11199445
06/01/2023,0.9742,0.10%,-0.20%,"1,791.7","1,748.7",77.11199445
05/31/2023,0.9731,0.10%,-0.20%,"1,833.4","1,787.2",64.43028719
05/30/2023,0.9722,0.10%,-0.20%,"1,833.4","1,787.2",64.43028719
05/29/2023,0.9678,0.10%,-0.20%,"1,833.4","1,787.2",64.43028719
05/26/2023,0.9708,0.10%,-0.20%,"1,833.4","1,787.2",64.43028719
05/25/2023,0.9706,0.10%,-0.20%,"1,833.4","1,787.2",64.43028719
05/24/2023,0.9727,0.10%,-0.20%,"1,833.4","1,787.2",64.43028719
05/23/2023,0.9703,0.10%,-0.20%,"1,833.4","1,787.2",64.43028719
05/22/2023,0.9705,0.10%,-0.20%,"1,833.4","1,787.2",64.43028719
05/19/2023,0.9717,0.10%,-0.20%,"1,833.4","1,787.2",64.43028719
05/18/2023,0.975,0.10%,-0.20%,"1,833.4","1,787.2",64.43028719
05/17/2023,0.9741,0.10%,-0.20%,"1,833.4","1,787.2",64.43028719
05/16/2023,0.9735,0.10%,-0.20%,"1,833.4","1,787.2",64.43028719
05/15/2023,0.9737,0.10%,-0.20%,"1,833.4","1,787.2",64.43028719
05/12/2023,0.9742,0.10%,-0.20%,"1,833.4","1,787.2",64.43028719
05/11/2023,0.9757,0.10%,-0.20%,"1,833.4","1,787.2",64.43028719
05/10/2023,0.9768,0.10%,-0.20%,"1,833.4","1,787.2",64.43028719
05/09/2023,0.9758,0.10%,-0.20%,"1,833.4","1,787.2",64.43028719
05/08/2023,0.9785,0.10%,-0.20%,"1,833.4","1,787.2",64.43028719
05/05/2023,0.9814,0.10%,-0.20%,"1,833.4","1,787.2",64.43028719
05/04/2023,0.9751,0.10%,-0.20%,"1,833.4","1,787.2",64.43028719
05/03/2023,0.9773,0.10%,-0.20%,"1,833.4","1,787.2",64.43028719
05/02/2023,0.9823,0.10%,-0.20%,"1,833.4","1,787.2",64.43028719
05/01/2023,0.983,0.10%,-0.20%,"1,833.4","1,787.2",64.43028719
04/28/2023,0.9853,0.10%,-0.20%,"1,823.5","1,795.4",150.4208882
04/27/2023,0.9859,0.10%,-0.20%,"1,823.5","1,795.4",150.4208882
04/26/2023,0.9838,0.10%,-0.20%,"1,823.5","1,795.4",150.4208882
04/25/2023,0.9784,0.10%,-0.20%,"1,823.5","1,795.4",150.4208882
04/24/2023,0.9797,0.10%,-0.20%,"1,823.5","1,795.4",150.4208882
04/21/2023,0.9807,0.10%,-0.20%,"1,823.5","1,795.4",150.4208882
04/20/2023,0.9784,0.10%,-0.20%,"1,823.5","1,795.4",150.4208882
04/19/2023,0.983,0.10%,-0.20%,"1,823.5","1,795.4",150.4208882
04/18/2023,0.9832,0.10%,-0.20%,"1,823.5","1,795.4",150.4208882
04/17/2023,0.9817,0.10%,-0.20%,"1,823.5","1,795.4",150.4208882
04/14/2023,0.9831,0.10%,-0.20%,"1,823.5","1,795.4",150.4208882
04/13/2023,0.982,0.10%,-0.20%,"1,823.5","1,795.4",150.4208882
04/12/2023,0.9845,0.10%,-0.20%,"1,823.5","1,795.4",150.4208882
04/11/2023,0.9855,0.10%,-0.20%,"1,823.5","1,795.4",150.4208882
04/10/2023,0.9875,0.10%,-0.20%,"1,823.5","1,795.4",150.4208882
04/07/2023,0.9863,0.10%,-0.20%,"1,823.5","1,795.4",150.4208882
04/06/2023,0.9874,0.10%,-0.20%,"1,823.5","1,795.4",150.4208882
04/05/2023,0.989,0.10%,-0.20%,"1,823.5","1,795.4",150.4208882
04/04/2023,0.9918,0.10%,-0.20%,"1,823.5","1,795.4",150.4208882
04/03/2023,0.994,0.10%,-0.20%,"1,823.5","1,795.4",150.4208882
03/31/2023,0.9916,0.10%,0.80%,"1,785.6","1,770.8",109.070876
03/30/2023,0.9954,0.10%,0.80%,"1,785.6","1,770.8",109.070876
03/29/2023,0.9958,0.10%,0.80%,"1,785.6","1,770.8",109.070876
03/28/2023,0.9978,0.10%,0.80%,"1,785.6","1,770.8",109.070876
03/27/2023,0.9886,0.10%,0.80%,"1,785.6","1,770.8",109.070876
03/24/2023,0.9897,0.10%,0.80%,"1,785.6","1,770.8",109.070876
03/23/2023,0.9925,0.10%,0.80%,"1,785.6","1,770.8",109.070876
03/22/2023,0.9957,0.10%,0.80%,"1,785.6","1,770.8",109.070876
03/21/2023,0.9929,0.10%,0.80%,"1,785.6","1,770.8",109.070876
03/20/2023,0.9956,0.10%,0.80%,"1,785.6","1,770.8",109.070876
03/17/2023,0.9875,0.10%,0.80%,"1,785.6","1,770.8",109.070876
03/16/2023,0.9853,0.10%,0.80%,"1,785.6","1,770.8",109.070876
03/15/2023,0.9866,0.10%,0.80%,"1,785.6","1,770.8",109.070876
03/14/2023,0.9809,0.10%,0.80%,"1,785.6","1,770.8",109.070876
03/13/2023,0.9781,0.10%,0.80%,"1,785.6","1,770.8",109.070876
03/10/2023,0.9804,0.10%,0.80%,"1,785.6","1,770.8",109.070876
03/09/2023,0.9865,0.10%,0.80%,"1,785.6","1,770.8",109.070876
03/08/2023,0.9928,0.10%,0.80%,"1,785.6","1,770.8",109.070876
03/07/2023,0.9929,0.10%,0.80%,"1,785.6","1,770.8",109.070876
03/06/2023,0.9938,0.10%,0.80%,"1,785.6","1,770.8",109.070876
03/03/2023,0.9949,0.10%,0.80%,"1,785.6","1,770.8",109.070876
03/02/2023,0.9984,0.10%,0.80%,"1,785.6","1,770.8",109.070876
03/01/2023,1.0021,0.10%,0.80%,"1,785.6","1,770.8",109.070876
02/28/2023,0.9964,0.10%,0.80%,"1,732.6","1,716.5",155.2634802
02/27/2023,0.9927,0.10%,0.80%,"1,732.6","1,716.5",155.2634802
02/24/2023,0.9922,0.10%,0.80%,"1,732.6","1,716.5",155.2634802
02/23/2023,0.9894,0.10%,0.80%,"1,732.6","1,716.5",155.2634802
02/22/2023,0.9872,0.10%,0.80%,"1,732.6","1,716.5",155.2634802
02/21/2023,0.9876,0.10%,0.80%,"1,732.6","1,716.5",155.2634802
02/20/2023,0.9864,0.10%,0.80%,"1,732.6","1,716.5",155.2634802
02/17/2023,0.9887,0.10%,0.80%,"1,732.6","1,716.5",155.2634802
02/16/2023,0.987,0.10%,0.80%,"1,732.6","1,716.5",155.2634802
02/15/2023,0.9872,0.10%,0.80%,"1,732.6","1,716.5",155.2634802
02/14/2023,0.9888,0.10%,0.80%,"1,732.6","1,716.5",155.2634802
02/13/2023,0.9855,0.10%,0.80%,"1,732.6","1,716.5",155.2634802
02/10/2023,0.9862,0.10%,0.80%,"1,732.6","1,716.5",155.2634802
02/09/2023,0.9901,0.10%,0.80%,"1,732.6","1,716.5",155.2634802
02/08/2023,0.9861,0.10%,0.80%,"1,732.6","1,716.5",155.2634802
02/07/2023,0.9888,0.10%,0.80%,"1,732.6","1,716.5",155.2634802
02/06/2023,0.996,0.10%,0.80%,"1,732.6","1,716.5",155.2634802
02/03/2023,0.9992,0.10%,0.80%,"1,732.6","1,716.5",155.2634802
02/02/2023,0.996,0.10%,0.80%,"1,732.6","1,716.5",155.2634802
02/01/2023,0.998,0.10%,0.80%,"1,732.6","1,716.5",155.2634802
01/31/2023,0.9951,0.10%,0.80%,"1,761.2","1,754.9",108.7971482
01/30/2023,1.0029,0.10%,0.80%,"1,761.2","1,754.9",108.7971482
01/27/2023,1.0005,0.10%,0.80%,"1,761.2","1,754.9",108.7971482
01/26/2023,1.002,0.10%,0.80%,"1,761.2","1,754.9",108.7971482
01/25/2023,1.0017,0.10%,0.80%,"1,761.2","1,754.9",108.7971482
01/24/2023,1.003,0.10%,0.80%,"1,761.2","1,754.9",108.7971482
01/23/2023,1.0017,0.10%,0.80%,"1,761.2","1,754.9",108.7971482
01/20/2023,0.999,0.10%,0.80%,"1,761.2","1,754.9",108.7971482
01/19/2023,0.992,0.10%,0.80%,"1,761.2","1,754.9",108.7971482
01/18/2023,0.9885,0.10%,0.80%,"1,761.2","1,754.9",108.7971482
01/17/2023,0.9945,0.10%,0.80%,"1,761.2","1,754.9",108.7971482
01/16/2023,1.0021,0.10%,0.80%,"1,761.2","1,754.9",108.7971482
01/13/2023,1.0032,0.10%,0.80%,"1,761.2","1,754.9",108.7971482
01/12/2023,1.0064,0.10%,0.80%,"1,761.2","1,754.9",108.7971482
01/11/2023,1.0012,0.10%,0.80%,"1,761.2","1,754.9",108.7971482
01/10/2023,0.99,0.10%,0.80%,"1,761.2","1,754.9",108.7971482
01/09/2023,0.9884,0.10%,0.80%,"1,761.2","1,754.9",108.7971482
01/06/2023,0.987,0.10%,0.80%,"1,761.2","1,754.9",108.7971482
01/05/2023,0.9848,0.10%,0.80%,"1,761.2","1,754.9",108.7971482
01/04/2023,0.9851,0.10%,0.80%,"1,761.2","1,754.9",108.7971482
01/03/2023,0.9874,0.10%,0.80%,"1,761.2","1,754.9",108.7971482
01/02/2023,0.9862,0.10%,0.80%,"1,761.2","1,754.9",108.7971482
12/30/2022,0.9893,-0.20%,0.10%,"1,699.0","1,675.7",164.0650608
12/29/2022,0.984,-0.20%,0.10%,"1,699.0","1,675.7",164.0650608
12/28/2022,0.9854,-0.20%,0.10%,"1,699.0","1,675.7",164.0650608
12/27/2022,0.9881,-0.20%,0.10%,"1,699.0","1,675.7",164.0650608
12/26/2022,0.991,-0.20%,0.10%,"1,699.0","1,675.7",164.0650608
12/23/2022,0.9906,-0.20%,0.10%,"1,699.0","1,675.7",164.0650608
12/22/2022,0.9862,-0.20%,0.10%,"1,699.0","1,675.7",164.0650608
12/21/2022,0.9825,-0.20%,0.10%,"1,699.0","1,675.7",164.0650608
12/20/2022,0.9835,-0.20%,0.10%,"1,699.0","1,675.7",164.0650608
12/19/2022,0.9846,-0.20%,0.10%,"1,699.0","1,675.7",164.0650608
12/16/2022,0.9878,-0.20%,0.10%,"1,699.0","1,675.7",164.0650608
12/15/2022,0.9862,-0.20%,0.10%,"1,699.0","1,675.7",164.0650608
12/14/2022,0.9874,-0.20%,0.10%,"1,699.0","1,675.7",164.0650608
12/13/2022,0.9873,-0.20%,0.10%,"1,699.0","1,675.7",164.0650608
12/12/2022,0.9861,-0.20%,0.10%,"1,699.0","1,675.7",164.0650608
12/09/2022,0.9838,-0.20%,0.10%,"1,699.0","1,675.7",164.0650608
12/08/2022,0.9885,-0.20%,0.10%,"1,699.0","1,675.7",164.0650608
12/07/2022,0.9881,-0.20%,0.10%,"1,699.0","1,675.7",164.0650608
12/06/2022,0.9858,-0.20%,0.10%,"1,699.0","1,675.7",164.0650608
12/05/2022,0.9886,-0.20%,0.10%,"1,699.0","1,675.7",164.0650608
12/02/2022,0.9871,-0.20%,0.10%,"1,699.0","1,675.7",164.0650608
12/01/2022,0.9859,-0.20%,0.10%,"1,699.0","1,675.7",164.0650608
11/30/2022,0.984,-0.20%,0.10%,"1,691.1","1,663.3",87.21209644
11/29/2022,0.985,-0.20%,0.10%,"1,691.1","1,663.3",87.21209644
11/28/2022,0.9811,-0.20%,0.10%,"1,691.1","1,663.3",87.21209644
11/25/2022,0.9826,-0.20%,0.10%,"1,691.1","1,663.3",87.21209644
11/24/2022,0.9816,-0.20%,0.10%,"1,691.1","1,663.3",87.21209644
11/23/2022,0.9797,-0.20%,0.10%,"1,691.1","1,663.3",87.21209644
11/22/2022,0.9805,-0.20%,0.10%,"1,691.1","1,663.3",87.21209644
11/21/2022,0.9821,-0.20%,0.10%,"1,691.1","1,663.3",87.21209644
11/18/2022,0.9855,-0.20%,0.10%,"1,691.1","1,663.3",87.21209644
11/17/2022,0.9858,-0.20%,0.10%,"1,691.1","1,663.3",87.21209644
11/16/2022,0.9813,-0.20%,0.10%,"1,691.1","1,663.3",87.21209644
11/15/2022,0.9769,-0.20%,0.10%,"1,691.1","1,663.3",87.21209644
11/14/2022,0.9735,-0.20%,0.10%,"1,691.1","1,663.3",87.21209644
11/11/2022,0.9748,-0.20%,0.10%,"1,691.1","1,663.3",87.21209644
11/10/2022,0.9836,-0.20%,0.10%,"1,691.1","1,663.3",87.21209644
11/09/2022,0.9852,-0.20%,0.10%,"1,691.1","1,663.3",87.21209644
11/08/2022,0.9928,-0.20%,0.10%,"1,691.1","1,663.3",87.21209644
11/07/2022,0.9899,-0.20%,0.10%,"1,691.1","1,663.3",87.21209644
11/04/2022,0.9898,-0.20%,0.10%,"1,691.1","1,663.3",87.21209644
11/03/2022,0.9878,-0.20%,0.10%,"1,691.1","1,663.3",87.21209644
11/02/2022,0.9844,-0.20%,0.10%,"1,691.1","1,663.3",87.21209644
11/01/2022,0.9871,-0.20%,0.10%,"1,691.1","1,663.3",87.21209644
10/31/2022,0.9894,-0.20%,0.10%,"1,691.6","1,657.2",210.4317855
10/28/2022,0.9924,-0.20%,0.10%,"1,691.6","1,657.2",210.4317855
10/27/2022,0.9868,-0.20%,0.10%,"1,691.6","1,657.2",210.4317855
10/26/2022,0.9941,-0.20%,0.10%,"1,691.6","1,657.2",210.4317855
10/25/2022,0.9912,-0.20%,0.10%,"1,691.6","1,657.2",210.4317855
10/24/2022,0.9876,-0.20%,0.10%,"1,691.6","1,657.2",210.4317855
10/21/2022,0.9836,-0.20%,0.10%,"1,691.6","1,657.2",210.4317855
10/20/2022,0.9816,-0.20%,0.10%,"1,691.6","1,657.2",210.4317855
10/19/2022,0.9811,-0.20%,0.10%,"1,691.6","1,657.2",210.4317855
10/18/2022,0.9797,-0.20%,0.10%,"1,691.6","1,657.2",210.4317855
10/17/2022,0.9802,-0.20%,0.10%,"1,691.6","1,657.2",210.4317855
10/14/2022,0.9769,-0.20%,0.10%,"1,691.6","1,657.2",210.4317855
10/13/2022,0.978,-0.20%,0.10%,"1,691.6","1,657.2",210.4317855
10/12/2022,0.9678,-0.20%,0.10%,"1,691.6","1,657.2",210.4317855
10/11/2022,0.9672,-0.20%,0.10%,"1,691.6","1,657.2",210.4317855
10/10/2022,0.9697,-0.20%,0.10%,"1,691.6","1,657.2",210.4317855
10/07/2022,0.9685,-0.20%,0.10%,"1,691.6","1,657.2",210.4317855
10/06/2022,0.9697,-0.20%,0.10%,"1,691.6","1,657.2",210.4317855
10/05/2022,0.972,-0.20%,0.10%,"1,691.6","1,657.2",210.4317855
10/04/2022,0.9774,-0.20%,0.10%,"1,691.6","1,657.2",210.4317855
10/03/2022,0.9742,-0.20%,0.10%,"1,691.6","1,657.2",210.4317855
09/30/2022,0.967,-0.20%,0.30%,"1,701.1","1,639.3",169.6355384
09/29/2022,0.9575,-0.20%,0.30%,"1,701.1","1,639.3",169.6355384
09/28/2022,0.9501,-0.20%,0.30%,"1,701.1","1,639.3",169.6355384
09/27/2022,0.9509,-0.20%,0.30%,"1,701.1","1,639.3",169.6355384
09/26/2022,0.9542,-0.20%,0.30%,"1,701.1","1,639.3",169.6355384
09/23/2022,0.9515,-0.20%,0.30%,"1,701.1","1,639.3",169.6355384
09/22/2022,0.9603,-0.20%,0.30%,"1,701.1","1,639.3",169.6355384
09/21/2022,0.9501,-0.20%,0.30%,"1,701.1","1,639.3",169.6355384
09/20/2022,0.9611,-0.20%,0.30%,"1,701.1","1,639.3",169.6355384
09/19/2022,0.9663,-0.20%,0.30%,"1,701.1","1,639.3",169.6355384
09/16/2022,0.966,-0.20%,0.30%,"1,701.1","1,639.3",169.6355384
09/15/2022,0.9616,-0.20%,0.30%,"1,701.1","1,639.3",169.6355384
09/14/2022,0.9601,-0.20%,0.30%,"1,701.1","1,639.3",169.6355384
09/13/2022,0.9582,-0.20%,0.30%,"1,701.1","1,639.3",169.6355384
09/12/2022,0.9647,-0.20%,0.30%,"1,701.1","1,639.3",169.6355384
09/09/2022,0.9636,-0.20%,0.30%,"1,701.1","1,639.3",169.6355384
09/08/2022,0.9704,-0.20%,0.30%,"1,701.1","1,639.3",169.6355384
09/07/2022,0.9767,-0.20%,0.30%,"1,701.1","1,639.3",169.6355384
09/06/2022,0.9748,-0.20%,0.30%,"1,701.1","1,639.3",169.6355384
09/05/2022,0.9724,-0.20%,0.30%,"1,701.1","1,639.3",169.6355384
09/02/2022,0.9756,-0.20%,0.30%,"1,701.1","1,639.3",169.6355384
09/01/2022,0.9765,-0.20%,0.30%,"1,701.1","1,639.3",169.6355384
08/31/2022,0.983,0.40%,0.30%,"1,742.9","1,689.5",188.0665442
08/30/2022,0.9751,0.40%,0.30%,"1,742.9","1,689.5",188.0665442
08/29/2022,0.9676,0.40%,0.30%,"1,742.9","1,689.5",188.0665442
08/26/2022,0.9625,0.40%,0.30%,"1,742.9","1,689.5",188.0665442
08/25/2022,0.9611,0.40%,0.30%,"1,742.9","1,689.5",188.0665442
08/24/2022,0.963,0.40%,0.30%,"1,742.9","1,689.5",188.0665442
08/23/2022,0.9606,0.40%,0.30%,"1,742.9","1,689.5",188.0665442
08/22/2022,0.9587,0.40%,0.30%,"1,742.9","1,689.5",188.0665442
08/19/2022,0.9622,0.40%,0.30%,"1,742.9","1,689.5",188.0665442
08/18/2022,0.9652,0.40%,0.30%,"1,742.9","1,689.5",188.0665442
08/17/2022,0.9687,0.40%,0.30%,"1,742.9","1,689.5",188.0665442
08/16/2022,0.9654,0.40%,0.30%,"1,742.9","1,689.5",188.0665442
08/15/2022,0.9614,0.40%,0.30%,"1,742.9","1,689.5",188.0665442
08/12/2022,0.9656,0.40%,0.30%,"1,742.9","1,689.5",188.0665442
08/11/2022,0.9705,0.40%,0.30%,"1,742.9","1,689.5",188.0665442
08/10/2022,0.9703,0.40%,0.30%,"1,742.9","1,689.5",188.0665442
08/09/2022,0.9736,0.40%,0.30%,"1,742.9","1,689.5",188.0665442
08/08/2022,0.9736,0.40%,0.30%,"1,742.9","1,689.5",188.0665442
08/05/2022,0.9785,0.40%,0.30%,"1,742.9","1,689.5",188.0665442
08/04/2022,0.9785,0.40%,0.30%,"1,742.9","1,689.5",188.0665442
08/03/2022,0.9762,0.40%,0.30%,"1,742.9","1,689.5",188.0665442
08/02/2022,0.9731,0.40%,0.30%,"1,742.9","1,689.5",188.0665442
08/01/2022,0.9743,0.40%,0.30%,"1,742.9","1,689.5",188.0665442
07/29/2022,0.9721,0.40%,0.30%,"1,706.5","1,684.1",177.7480616
07/28/2022,0.9733,0.40%,0.30%,"1,706.5","1,684.1",177.7480616
07/27/2022,0.9791,0.40%,0.30%,"1,706.5","1,684.1",177.7480616
07/26/2022,0.9736,0.40%,0.30%,"1,706.5","1,684.1",177.7480616
07/25/2022,0.9856,0.40%,0.30%,"1,706.5","1,684.1",177.7480616
07/22/2022,0.9815,0.40%,0.30%,"1,706.5","1,684.1",177.7480616
07/21/2022,0.9885,0.40%,0.30%,"1,706.5","1,684.1",177.7480616
07/20/2022,0.9885,0.40%,0.30%,"1,706.5","1,684.1",177.7480616
07/19/2022,0.9902,0.40%,0.30%,"1,706.5","1,684.1",177.7480616
07/18/2022,0.9912,0.40%,0.30%,"1,706.5","1,684.1",177.7480616
07/15/2022,0.9846,0.40%,0.30%,"1,706.5","1,684.1",177.7480616
07/14/2022,0.9854,0.40%,0.30%,"1,706.5","1,684.1",177.7480616
07/13/2022,0.9846,0.40%,0.30%,"1,706.5","1,684.1",177.7480616
07/12/2022,0.9852,0.40%,0.30%,"1,706.5","1,684.1",177.7480616
07/11/2022,0.9867,0.40%,0.30%,"1,706.5","1,684.1",177.7480616
07/08/2022,0.9941,0.40%,0.30%,"1,706.5","1,684.1",177.7480616
07/07/2022,0.9892,0.40%,0.30%,"1,706.5","1,684.1",177.7480616
07/06/2022,0.988,0.40%,0.30%,"1,706.5","1,684.1",177.7480616
07/05/2022,0.9941,0.40%,0.30%,"1,706.5","1,684.1",177.7480616
07/04/2022,1.0014,0.40%,0.30%,"1,706.5","1,684.1",177.7480616
07/01/2022,1.0004,0.40%,0.30%,"1,706.5","1,684.1",177.7480616
06/30/2022,1.0009,0.80%,1%,"1,738.8","1,780.8",156.7618598
06/29/2022,0.9971,0.80%,1%,"1,738.8","1,780.8",156.7618598
06/28/2022,1.0067,0.80%,1%,"1,738.8","1,780.8",156.7618598
06/27/2022,1.0115,0.80%,1%,"1,738.8","1,780.8",156.7618598
06/24/2022,1.0109,0.80%,1%,"1,738.8","1,780.8",156.7618598
06/23/2022,1.0115,0.80%,1%,"1,738.8","1,780.8",156.7618598
06/22/2022,1.0157,0.80%,1%,"1,738.8","1,780.8",156.7618598
06/21/2022,1.0166,0.80%,1%,"1,738.8","1,780.8",156.7618598
06/20/2022,1.0165,0.80%,1%,"1,738.8","1,780.8",156.7618598
06/17/2022,1.0185,0.80%,1%,"1,738.8","1,780.8",156.7618598
06/16/2022,1.0196,0.80%,1%,"1,738.8","1,780.8",156.7618598
06/15/2022,1.038,0.80%,1%,"1,738.8","1,780.8",156.7618598
06/14/2022,1.0429,0.80%,1%,"1,738.8","1,780.8",156.7618598
06/13/2022,1.0381,0.80%,1%,"1,738.8","1,780.8",156.7618598
06/10/2022,1.0379,0.80%,1%,"1,738.8","1,780.8",156.7618598
06/09/2022,1.0406,0.80%,1%,"1,738.8","1,780.8",156.7618598
06/08/2022,1.0478,0.80%,1%,"1,738.8","1,780.8",156.7618598
06/07/2022,1.041,0.80%,1%,"1,738.8","1,780.8",156.7618598
06/06/2022,1.0377,0.80%,1%,"1,738.8","1,780.8",156.7618598
06/03/2022,1.0316,0.80%,1%,"1,738.8","1,780.8",156.7618598
06/02/2022,1.0296,0.80%,1%,"1,738.8","1,780.8",156.7618598
06/01/2022,1.0258,0.80%,1%,"1,738.8","1,780.8",156.7618598
05/31/2022,1.0295,0.80%,1%,"1,747.4","1,810.9",173.1054698
05/30/2022,1.0317,0.80%,1%,"1,747.4","1,810.9",173.1054698
05/27/2022,1.0266,0.80%,1%,"1,747.4","1,810.9",173.1054698
05/26/2022,1.0288,0.80%,1%,"1,747.4","1,810.9",173.1054698
05/25/2022,1.0269,0.80%,1%,"1,747.4","1,810.9",173.1054698
05/24/2022,1.0307,0.80%,1%,"1,747.4","1,810.9",173.1054698
05/23/2022,1.0322,0.80%,1%,"1,747.4","1,810.9",173.1054698
05/20/2022,1.0296,0.80%,1%,"1,747.4","1,810.9",173.1054698
05/19/2022,1.0301,0.80%,1%,"1,747.4","1,810.9",173.1054698
05/18/2022,1.0337,0.80%,1%,"1,747.4","1,810.9",173.1054698
05/17/2022,1.0477,0.80%,1%,"1,747.4","1,810.9",173.1054698
05/16/2022,1.045,0.80%,1%,"1,747.4","1,810.9",173.1054698
05/13/2022,1.0429,0.80%,1%,"1,747.4","1,810.9",173.1054698
05/12/2022,1.0409,0.80%,1%,"1,747.4","1,810.9",173.1054698
05/11/2022,1.0451,0.80%,1%,"1,747.4","1,810.9",173.1054698
05/10/2022,1.0485,0.80%,1%,"1,747.4","1,810.9",173.1054698
05/09/2022,1.0487,0.80%,1%,"1,747.4","1,810.9",173.1054698
05/06/2022,1.0432,0.80%,1%,"1,747.4","1,810.9",173.1054698
05/05/2022,1.038,0.80%,1%,"1,747.4","1,810.9",173.1054698
05/04/2022,1.0324,0.80%,1%,"1,747.4","1,810.9",173.1054698
05/03/2022,1.0297,0.80%,1%,"1,747.4","1,810.9",173.1054698
05/02/2022,1.027,0.80%,1%,"1,747.4","1,810.9",173.1054698
04/29/2022,1.0261,0.80%,1%,"1,790.2","1,828.1",267.3809009
04/28/2022,1.0205,0.80%,1%,"1,790.2","1,828.1",267.3809009
04/27/2022,1.0227,0.80%,1%,"1,790.2","1,828.1",267.3809009
04/26/2022,1.0234,0.80%,1%,"1,790.2","1,828.1",267.3809009
04/25/2022,1.0277,0.80%,1%,"1,790.2","1,828.1",267.3809009
04/22/2022,1.0331,0.80%,1%,"1,790.2","1,828.1",267.3809009
04/21/2022,1.0325,0.80%,1%,"1,790.2","1,828.1",267.3809009
04/20/2022,1.0289,0.80%,1%,"1,790.2","1,828.1",267.3809009
04/19/2022,1.0264,0.80%,1%,"1,790.2","1,828.1",267.3809009
04/18/2022,1.0184,0.80%,1%,"1,790.2","1,828.1",267.3809009
04/15/2022,1.0185,0.80%,1%,"1,790.2","1,828.1",267.3809009
04/14/2022,1.0202,0.80%,1%,"1,790.2","1,828.1",267.3809009
04/13/2022,1.0172,0.80%,1%,"1,790.2","1,828.1",267.3809009
04/12/2022,1.0102,0.80%,1%,"1,790.2","1,828.1",267.3809009
04/11/2022,1.0131,0.80%,1%,"1,790.2","1,828.1",267.3809009
04/08/2022,1.0165,0.80%,1%,"1,790.2","1,828.1",267.3809009
04/07/2022,1.016,0.80%,1%,"1,790.2","1,828.1",267.3809009
04/06/2022,1.0165,0.80%,1%,"1,790.2","1,828.1",267.3809009
04/05/2022,1.0138,0.80%,1%,"1,790.2","1,828.1",267.3809009
04/04/2022,1.016,0.80%,1%,"1,790.2","1,828.1",267.3809009
04/01/2022,1.0228,0.80%,1%,"1,790.2","1,828.1",267.3809009
03/31/2022,1.0209,0.70%,0.10%,"1,767.8","1,811.0",275.981006
03/30/2022,1.03,0.70%,0.10%,"1,767.8","1,811.0",275.981006
03/29/2022,1.0323,0.70%,0.10%,"1,767.8","1,811.0",275.981006
03/28/2022,1.0251,0.70%,0.10%,"1,767.8","1,811.0",275.981006
03/25/2022,1.0216,0.70%,0.10%,"1,767.8","1,811.0",275.981006
03/24/2022,1.0225,0.70%,0.10%,"1,767.8","1,811.0",275.981006
03/23/2022,1.0239,0.70%,0.10%,"1,767.8","1,811.0",275.981006
03/22/2022,1.0284,0.70%,0.10%,"1,767.8","1,811.0",275.981006
03/21/2022,1.0282,0.70%,0.10%,"1,767.8","1,811.0",275.981006
03/18/2022,1.0293,0.70%,0.10%,"1,767.8","1,811.0",275.981006
03/17/2022,1.0388,0.70%,0.10%,"1,767.8","1,811.0",275.981006
03/16/2022,1.0372,0.70%,0.10%,"1,767.8","1,811.0",275.981006
03/15/2022,1.0305,0.70%,0.10%,"1,767.8","1,811.0",275.981006
03/14/2022,1.0266,0.70%,0.10%,"1,767.8","1,811.0",275.981006
03/11/2022,1.0196,0.70%,0.10%,"1,767.8","1,811.0",275.981006
03/10/2022,1.0214,0.70%,0.10%,"1,767.8","1,811.0",275.981006
03/09/2022,1.0258,0.70%,0.10%,"1,767.8","1,811.0",275.981006
03/08/2022,1.0125,0.70%,0.10%,"1,767.8","1,811.0",275.981006
03/07/2022,1.0042,0.70%,0.10%,"1,767.8","1,811.0",275.981006
03/04/2022,1.0014,0.70%,0.10%,"1,767.8","1,811.0",275.981006
03/03/2022,1.0147,0.70%,0.10%,"1,767.8","1,811.0",275.981006
03/02/2022,1.0237,0.70%,0.10%,"1,767.8","1,811.0",275.981006
03/01/2022,1.0218,0.70%,0.10%,"1,767.8","1,811.0",275.981006
02/28/2022,1.0283,0.70%,0.10%,"1,636.4","1,712.4",212.2896902
02/25/2022,1.0422,0.70%,0.10%,"1,636.4","1,712.4",212.2896902
02/24/2022,1.0362,0.70%,0.10%,"1,636.4","1,712.4",212.2896902
02/23/2022,1.0383,0.70%,0.10%,"1,636.4","1,712.4",212.2896902
02/22/2022,1.0435,0.70%,0.10%,"1,636.4","1,712.4",212.2896902
02/21/2022,1.0355,0.70%,0.10%,"1,636.4","1,712.4",212.2896902
02/18/2022,1.0432,0.70%,0.10%,"1,636.4","1,712.4",212.2896902
02/17/2022,1.0452,0.70%,0.10%,"1,636.4","1,712.4",212.2896902
02/16/2022,1.0493,0.70%,0.10%,"1,636.4","1,712.4",212.2896902
02/15/2022,1.0509,0.70%,0.10%,"1,636.4","1,712.4",212.2896902
02/14/2022,1.045,0.70%,0.10%,"1,636.4","1,712.4",212.2896902
02/11/2022,1.0505,0.70%,0.10%,"1,636.4","1,712.4",212.2896902
02/10/2022,1.0572,0.70%,0.10%,"1,636.4","1,712.4",212.2896902
02/09/2022,1.0557,0.70%,0.10%,"1,636.4","1,712.4",212.2896902
02/08/2022,1.0555,0.70%,0.10%,"1,636.4","1,712.4",212.2896902
02/07/2022,1.0572,0.70%,0.10%,"1,636.4","1,712.4",212.2896902
02/04/2022,1.0592,0.70%,0.10%,"1,636.4","1,712.4",212.2896902
02/03/2022,1.052,0.70%,0.10%,"1,636.4","1,712.4",212.2896902
02/02/2022,1.038,0.70%,0.10%,"1,636.4","1,712.4",212.2896902
02/01/2022,1.0383,0.70%,0.10%,"1,636.4","1,712.4",212.2896902
01/31/2022,1.0412,0.70%,0.10%,"1,604.7","1,669.7",123.6328123
01/28/2022,1.0371,0.70%,0.10%,"1,604.7","1,669.7",123.6328123
01/27/2022,1.0369,0.70%,0.10%,"1,604.7","1,669.7",123.6328123
01/26/2022,1.0382,0.70%,0.10%,"1,604.7","1,669.7",123.6328123
01/25/2022,1.0374,0.70%,0.10%,"1,604.7","1,669.7",123.6328123
01/24/2022,1.0345,0.70%,0.10%,"1,604.7","1,669.7",123.6328123
01/21/2022,1.0333,0.70%,0.10%,"1,604.7","1,669.7",123.6328123
01/20/2022,1.0364,0.70%,0.10%,"1,604.7","1,669.7",123.6328123
01/19/2022,1.0383,0.70%,0.10%,"1,604.7","1,669.7",123.6328123
01/18/2022,1.0388,0.70%,0.10%,"1,604.7","1,669.7",123.6328123
01/17/2022,1.0424,0.70%,0.10%,"1,604.7","1,669.7",123.6328123
01/14/2022,1.0431,0.70%,0.10%,"1,604.7","1,669.7",123.6328123
01/13/2022,1.0434,0.70%,0.10%,"1,604.7","1,669.7",123.6328123
01/12/2022,1.0459,0.70%,0.10%,"1,604.7","1,669.7",123.6328123
01/11/2022,1.0493,0.70%,0.10%,"1,604.7","1,669.7",123.6328123
01/10/2022,1.0498,0.70%,0.10%,"1,604.7","1,669.7",123.6328123
01/07/2022,1.0437,0.70%,0.10%,"1,604.7","1,669.7",123.6328123
01/06/2022,1.04,0.70%,0.10%,"1,604.7","1,669.7",123.6328123
01/05/2022,1.0372,0.70%,0.10%,"1,604.7","1,669.7",123.6328123
01/04/2022,1.0334,0.70%,0.10%,"1,604.7","1,669.7",123.6328123
01/03/2022,1.038,0.70%,0.10%,"1,604.7","1,669.7",123.6328123
12/31/2021,1.037,0.90%,0.40%,"1,581.1","1,646.1",144.1328549
12/30/2021,1.0339,0.90%,0.40%,"1,581.1","1,646.1",144.1328549
12/29/2021,1.0378,0.90%,0.40%,"1,581.1","1,646.1",144.1328549
12/28/2021,1.0375,0.90%,0.40%,"1,581.1","1,646.1",144.1328549
12/27/2021,1.039,0.90%,0.40%,"1,581.1","1,646.1",144.1328549
12/24/2021,1.0404,0.90%,0.40%,"1,581.1","1,646.1",144.1328549
12/23/2021,1.0403,0.90%,0.40%,"1,581.1","1,646.1",144.1328549
12/22/2021,1.0416,0.90%,0.40%,"1,581.1","1,646.1",144.1328549
12/21/2021,1.0421,0.90%,0.40%,"1,581.1","1,646.1",144.1328549
12/20/2021,1.0384,0.90%,0.40%,"1,581.1","1,646.1",144.1328549
12/17/2021,1.0381,0.90%,0.40%,"1,581.1","1,646.1",144.1328549
12/16/2021,1.0412,0.90%,0.40%,"1,581.1","1,646.1",144.1328549
12/15/2021,1.0436,0.90%,0.40%,"1,581.1","1,646.1",144.1328549
12/14/2021,1.04,0.90%,0.40%,"1,581.1","1,646.1",144.1328549
12/13/2021,1.0409,0.90%,0.40%,"1,581.1","1,646.1",144.1328549
12/10/2021,1.0416,0.90%,0.40%,"1,581.1","1,646.1",144.1328549
12/09/2021,1.0425,0.90%,0.40%,"1,581.1","1,646.1",144.1328549
12/08/2021,1.0438,0.90%,0.40%,"1,581.1","1,646.1",144.1328549
12/07/2021,1.0422,0.90%,0.40%,"1,581.1","1,646.1",144.1328549
12/06/2021,1.0445,0.90%,0.40%,"1,581.1","1,646.1",144.1328549
12/03/2021,1.0383,0.90%,0.40%,"1,581.1","1,646.1",144.1328549
12/02/2021,1.0397,0.90%,0.40%,"1,581.1","1,646.1",144.1328549
12/01/2021,1.0418,0.90%,0.40%,"1,581.1","1,646.1",144.1328549
11/30/2021,1.0413,0.90%,0.40%,"1,596.0","1,678.4",181.6796719
11/29/2021,1.042,0.90%,0.40%,"1,596.0","1,678.4",181.6796719
11/26/2021,1.0456,0.90%,0.40%,"1,596.0","1,678.4",181.6796719
11/25/2021,1.0488,0.90%,0.40%,"1,596.0","1,678.4",181.6796719
11/24/2021,1.0463,0.90%,0.40%,"1,596.0","1,678.4",181.6796719
11/23/2021,1.0491,0.90%,0.40%,"1,596.0","1,678.4",181.6796719
11/22/2021,1.0481,0.90%,0.40%,"1,596.0","1,678.4",181.6796719
11/19/2021,1.0476,0.90%,0.40%,"1,596.0","1,678.4",181.6796719
11/18/2021,1.0528,0.90%,0.40%,"1,596.0","1,678.4",181.6796719
11/17/2021,1.0506,0.90%,0.40%,"1,596.0","1,678.4",181.6796719
11/16/2021,1.0524,0.90%,0.40%,"1,596.0","1,678.4",181.6796719
11/15/2021,1.0514,0.90%,0.40%,"1,596.0","1,678.4",181.6796719
11/12/2021,1.0549,0.90%,0.40%,"1,596.0","1,678.4",181.6796719
11/11/2021,1.0542,0.90%,0.40%,"1,596.0","1,678.4",181.6796719
11/10/2021,1.0531,0.90%,0.40%,"1,596.0","1,678.4",181.6796719
11/09/2021,1.0561,0.90%,0.40%,"1,596.0","1,678.4",181.6796719
11/08/2021,1.0578,0.90%,0.40%,"1,596.0","1,678.4",181.6796719
11/05/2021,1.0549,0.90%,0.40%,"1,596.0","1,678.4",181.6796719
11/04/2021,1.0541,0.90%,0.40%,"1,596.0","1,678.4",181.6796719
11/03/2021,1.0584,0.90%,0.40%,"1,596.0","1,678.4",181.6796719
11/02/2021,1.0586,0.90%,0.40%,"1,596.0","1,678.4",181.6796719
11/01/2021,1.0547,0.90%,0.40%,"1,596.0","1,678.4",181.6796719
10/29/2021,1.0585,0.90%,0.40%,"1,532.2","1,640.1",239.2417342
10/28/2021,1.0648,0.90%,0.40%,"1,532.2","1,640.1",239.2417342
10/27/2021,1.0652,0.90%,0.40%,"1,532.2","1,640.1",239.2417342
10/26/2021,1.0669,0.90%,0.40%,"1,532.2","1,640.1",239.2417342
10/25/2021,1.0675,0.90%,0.40%,"1,532.2","1,640.1",239.2417342
10/22/2021,1.0666,0.90%,0.40%,"1,532.2","1,640.1",239.2417342
10/21/2021,1.067,0.90%,0.40%,"1,532.2","1,640.1",239.2417342
10/20/2021,1.0703,0.90%,0.40%,"1,532.2","1,640.1",239.2417342
10/19/2021,1.0734,0.90%,0.40%,"1,532.2","1,640.1",239.2417342
10/18/2021,1.0723,0.90%,0.40%,"1,532.2","1,640.1",239.2417342
10/15/2021,1.07,0.90%,0.40%,"1,532.2","1,640.1",239.2417342
10/14/2021,1.0705,0.90%,0.40%,"1,532.2","1,640.1",239.2417342
10/13/2021,1.0713,0.90%,0.40%,"1,532.2","1,640.1",239.2417342
10/12/2021,1.0727,0.90%,0.40%,"1,532.2","1,640.1",239.2417342
10/11/2021,1.0714,0.90%,0.40%,"1,532.2","1,640.1",239.2417342
10/08/2021,1.0724,0.90%,0.40%,"1,532.2","1,640.1",239.2417342
10/07/2021,1.0729,0.90%,0.40%,"1,532.2","1,640.1",239.2417342
10/06/2021,1.0715,0.90%,0.40%,"1,532.2","1,640.1",239.2417342
10/05/2021,1.0758,0.90%,0.40%,"1,532.2","1,640.1",239.2417342
10/04/2021,1.0745,0.90%,0.40%,"1,532.2","1,640.1",239.2417342
10/01/2021,1.0793,0.90%,0.40%,"1,532.2","1,640.1",239.2417342
09/30/2021,1.0788,1.70%,2.40%,"1,510.1","1,639.8",127.8650679
09/29/2021,1.0839,1.70%,2.40%,"1,510.1","1,639.8",127.8650679
09/28/2021,1.0854,1.70%,2.40%,"1,510.1","1,639.8",127.8650679
09/27/2021,1.0823,1.70%,2.40%,"1,510.1","1,639.8",127.8650679
09/24/2021,1.0832,1.70%,2.40%,"1,510.1","1,639.8",127.8650679
09/23/2021,1.0844,1.70%,2.40%,"1,510.1","1,639.8",127.8650679
09/22/2021,1.0822,1.70%,2.40%,"1,510.1","1,639.8",127.8650679
09/21/2021,1.0824,1.70%,2.40%,"1,510.1","1,639.8",127.8650679
09/20/2021,1.0876,1.70%,2.40%,"1,510.1","1,639.8",127.8650679
09/17/2021,1.0931,1.70%,2.40%,"1,510.1","1,639.8",127.8650679
09/16/2021,1.0911,1.70%,2.40%,"1,510.1","1,639.8",127.8650679
09/15/2021,1.0865,1.70%,2.40%,"1,510.1","1,639.8",127.8650679
09/14/2021,1.086,1.70%,2.40%,"1,510.1","1,639.8",127.8650679
09/13/2021,1.0888,1.70%,2.40%,"1,510.1","1,639.8",127.8650679
09/10/2021,1.0841,1.70%,2.40%,"1,510.1","1,639.8",127.8650679
09/09/2021,1.0841,1.70%,2.40%,"1,510.1","1,639.8",127.8650679
09/08/2021,1.0892,1.70%,2.40%,"1,510.1","1,639.8",127.8650679
09/07/2021,1.0885,1.70%,2.40%,"1,510.1","1,639.8",127.8650679
09/06/2021,1.0857,1.70%,2.40%,"1,510.1","1,639.8",127.8650679
09/03/2021,1.0854,1.70%,2.40%,"1,510.1","1,639.8",127.8650679
09/02/2021,1.0853,1.70%,2.40%,"1,510.1","1,639.8",127.8650679
09/01/2021,1.0832,1.70%,2.40%,"1,510.1","1,639.8",127.8650679
08/31/2021,1.0803,1.70%,2.40%,"1,516.1","1,631.4",86.78306029
08/30/2021,1.0814,1.70%,2.40%,"1,516.1","1,631.4",86.78306029
08/27/2021,1.0745,1.70%,2.40%,"1,516.1","1,631.4",86.78306029
08/26/2021,1.0782,1.70%,2.40%,"1,516.1","1,631.4",86.78306029
08/25/2021,1.0753,1.70%,2.40%,"1,516.1","1,631.4",86.78306029
08/24/2021,1.0721,1.70%,2.40%,"1,516.1","1,631.4",86.78306029
08/23/2021,1.0712,1.70%,2.40%,"1,516.1","1,631.4",86.78306029
08/20/2021,1.0726,1.70%,2.40%,"1,516.1","1,631.4",86.78306029
08/19/2021,1.0725,1.70%,2.40%,"1,516.1","1,631.4",86.78306029
08/18/2021,1.0736,1.70%,2.40%,"1,516.1","1,631.4",86.78306029
08/17/2021,1.0707,1.70%,2.40%,"1,516.1","1,631.4",86.78306029
08/16/2021,1.0741,1.70%,2.40%,"1,516.1","1,631.4",86.78306029
08/13/2021,1.0793,1.70%,2.40%,"1,516.1","1,631.4",86.78306029
08/12/2021,1.0828,1.70%,2.40%,"1,516.1","1,631.4",86.78306029
08/11/2021,1.0819,1.70%,2.40%,"1,516.1","1,631.4",86.78306029
08/10/2021,1.0811,1.70%,2.40%,"1,516.1","1,631.4",86.78306029
08/09/2021,1.0804,1.70%,2.40%,"1,516.1","1,631.4",86.78306029
08/06/2021,1.0753,1.70%,2.40%,"1,516.1","1,631.4",86.78306029
08/05/2021,1.0736,1.70%,2.40%,"1,516.1","1,631.4",86.78306029
08/04/2021,1.0731,1.70%,2.40%,"1,516.1","1,631.4",86.78306029
08/03/2021,1.0717,1.70%,2.40%,"1,516.1","1,631.4",86.78306029
08/02/2021,1.0744,1.70%,2.40%,"1,516.1","1,631.4",86.78306029
07/30/2021,1.0747,1.70%,2.40%,"1,528.5","1,658.3",142.8339589
07/29/2021,1.0771,1.70%,2.40%,"1,528.5","1,658.3",142.8339589
07/28/2021,1.0775,1.70%,2.40%,"1,528.5","1,658.3",142.8339589
07/27/2021,1.0802,1.70%,2.40%,"1,528.5","1,658.3",142.8339589
07/26/2021,1.0807,1.70%,2.40%,"1,528.5","1,658.3",142.8339589
07/23/2021,1.0818,1.70%,2.40%,"1,528.5","1,658.3",142.8339589
07/22/2021,1.0814,1.70%,2.40%,"1,528.5","1,658.3",142.8339589
07/21/2021,1.0819,1.70%,2.40%,"1,528.5","1,658.3",142.8339589
07/20/2021,1.0857,1.70%,2.40%,"1,528.5","1,658.3",142.8339589
07/19/2021,1.0829,1.70%,2.40%,"1,528.5","1,658.3",142.8339589
07/16/2021,1.0851,1.70%,2.40%,"1,528.5","1,658.3",142.8339589
07/15/2021,1.0839,1.70%,2.40%,"1,528.5","1,658.3",142.8339589
07/14/2021,1.0828,1.70%,2.40%,"1,528.5","1,658.3",142.8339589
07/13/2021,1.0813,1.70%,2.40%,"1,528.5","1,658.3",142.8339589
07/12/2021,1.085,1.70%,2.40%,"1,528.5","1,658.3",142.8339589
07/09/2021,1.085,1.70%,2.40%,"1,528.5","1,658.3",142.8339589
07/08/2021,1.0841,1.70%,2.40%,"1,528.5","1,658.3",142.8339589
07/07/2021,1.0908,1.70%,2.40%,"1,528.5","1,658.3",142.8339589
07/06/2021,1.0925,1.70%,2.40%,"1,528.5","1,658.3",142.8339589
07/05/2021,1.0935,1.70%,2.40%,"1,528.5","1,658.3",142.8339589
07/02/2021,1.0921,1.70%,2.40%,"1,528.5","1,658.3",142.8339589
07/01/2021,1.0961,1.70%,2.40%,"1,528.5","1,658.3",142.8339589
06/30/2021,1.0965,2.10%,2.40%,"1,522.7","1,665.3",118.9420484
06/29/2021,1.0951,2.10%,2.40%,"1,522.7","1,665.3",118.9420484
06/28/2021,1.0962,2.10%,2.40%,"1,522.7","1,665.3",118.9420484
06/25/2021,1.0949,2.10%,2.40%,"1,522.7","1,665.3",118.9420484
06/24/2021,1.0946,2.10%,2.40%,"1,522.7","1,665.3",118.9420484
06/23/2021,1.0955,2.10%,2.40%,"1,522.7","1,665.3",118.9420484
06/22/2021,1.0957,2.10%,2.40%,"1,522.7","1,665.3",118.9420484
06/21/2021,1.0933,2.10%,2.40%,"1,522.7","1,665.3",118.9420484
06/18/2021,1.094,2.10%,2.40%,"1,522.7","1,665.3",118.9420484
06/17/2021,1.0921,2.10%,2.40%,"1,522.7","1,665.3",118.9420484
06/16/2021,1.0897,2.10%,2.40%,"1,522.7","1,665.3",118.9420484
06/15/2021,1.0886,2.10%,2.40%,"1,522.7","1,665.3",118.9420484
06/14/2021,1.0903,2.10%,2.40%,"1,522.7","1,665.3",118.9420484
06/11/2021,1.087,2.10%,2.40%,"1,522.7","1,665.3",118.9420484
06/10/2021,1.0883,2.10%,2.40%,"1,522.7","1,665.3",118.9420484
06/09/2021,1.0907,2.10%,2.40%,"1,522.7","1,665.3",118.9420484
06/08/2021,1.0913,2.10%,2.40%,"1,522.7","1,665.3",118.9420484
06/07/2021,1.0938,2.10%,2.40%,"1,522.7","1,665.3",118.9420484
06/04/2021,1.0939,2.10%,2.40%,"1,522.7","1,665.3",118.9420484
06/03/2021,1.0953,2.10%,2.40%,"1,522.7","1,665.3",118.9420484
06/02/2021,1.0959,2.10%,2.40%,"1,522.7","1,665.3",118.9420484
06/01/2021,1.0951,2.10%,2.40%,"1,522.7","1,665.3",118.9420484
05/31/2021,1.0987,2.10%,2.40%,"1,525.3","1,672.2",63.46567209
05/28/2021,1.0968,2.10%,2.40%,"1,525.3","1,672.2",63.46567209
05/27/2021,1.0932,2.10%,2.40%,"1,525.3","1,672.2",63.46567209
05/26/2021,1.0945,2.10%,2.40%,"1,525.3","1,672.2",63.46567209
05/25/2021,1.0967,2.10%,2.40%,"1,525.3","1,672.2",63.46567209
05/24/2021,1.0957,2.10%,2.40%,"1,525.3","1,672.2",63.46567209
05/21/2021,1.0932,2.10%,2.40%,"1,525.3","1,672.2",63.46567209
05/20/2021,1.0968,2.10%,2.40%,"1,525.3","1,672.2",63.46567209
05/19/2021,1.1001,2.10%,2.40%,"1,525.3","1,672.2",63.46567209
05/18/2021,1.0969,2.10%,2.40%,"1,525.3","1,672.2",63.46567209
05/17/2021,1.0975,2.10%,2.40%,"1,525.3","1,672.2",63.46567209
05/14/2021,1.0939,2.10%,2.40%,"1,525.3","1,672.2",63.46567209
05/13/2021,1.0941,2.10%,2.40%,"1,525.3","1,672.2",63.46567209
05/12/2021,1.0974,2.10%,2.40%,"1,525.3","1,672.2",63.46567209
05/11/2021,1.0974,2.10%,2.40%,"1,525.3","1,672.2",63.46567209
05/10/2021,1.0929,2.10%,2.40%,"1,525.3","1,672.2",63.46567209
05/07/2021,1.0959,2.10%,2.40%,"1,525.3","1,672.2",63.46567209
05/06/2021,1.0946,2.10%,2.40%,"1,525.3","1,672.2",63.46567209
05/05/2021,1.0958,2.10%,2.40%,"1,525.3","1,672.2",63.46567209
05/04/2021,1.0974,2.10%,2.40%,"1,525.3","1,672.2",63.46567209
05/03/2021,1.0986,2.10%,2.40%,"1,525.3","1,672.2",63.46567209
04/30/2021,1.0976,2.10%,2.40%,"1,469.9","1,621.0",65.98532222
04/29/2021,1.1007,2.10%,2.40%,"1,469.9","1,621.0",65.98532222
04/28/2021,1.1025,2.10%,2.40%,"1,469.9","1,621.0",65.98532222
04/27/2021,1.1042,2.10%,2.40%,"1,469.9","1,621.0",65.98532222
04/26/2021,1.1041,2.10%,2.40%,"1,469.9","1,621.0",65.98532222
04/23/2021,1.1051,2.10%,2.40%,"1,469.9","1,621.0",65.98532222
04/22/2021,1.1013,2.10%,2.40%,"1,469.9","1,621.0",65.98532222
04/21/2021,1.1034,2.10%,2.40%,"1,469.9","1,621.0",65.98532222
04/20/2021,1.102,2.10%,2.40%,"1,469.9","1,621.0",65.98532222
04/19/2021,1.101,2.10%,2.40%,"1,469.9","1,621.0",65.98532222
04/16/2021,1.1024,2.10%,2.40%,"1,469.9","1,621.0",65.98532222
04/15/2021,1.1039,2.10%,2.40%,"1,469.9","1,621.0",65.98532222
04/14/2021,1.105,2.10%,2.40%,"1,469.9","1,621.0",65.98532222
04/13/2021,1.1001,2.10%,2.40%,"1,469.9","1,621.0",65.98532222
04/12/2021,1.0985,2.10%,2.40%,"1,469.9","1,621.0",65.98532222
04/09/2021,1.1006,2.10%,2.40%,"1,469.9","1,621.0",65.98532222
04/08/2021,1.1015,2.10%,2.40%,"1,469.9","1,621.0",65.98532222
04/07/2021,1.1032,2.10%,2.40%,"1,469.9","1,621.0",65.98532222
04/06/2021,1.1053,2.10%,2.40%,"1,469.9","1,621.0",65.98532222
04/05/2021,1.106,2.10%,2.40%,"1,469.9","1,621.0",65.98532222
04/02/2021,1.1081,2.10%,2.40%,"1,469.9","1,621.0",65.98532222
04/01/2021,1.1092,2.10%,2.40%,"1,469.9","1,621.0",65.98532222
03/31/2021,1.1064,0.90%,0.40%,"1,444.1","1,597.7",79.3254432
03/30/2021,1.1035,0.90%,0.40%,"1,444.1","1,597.7",79.3254432
03/29/2021,1.1045,0.90%,0.40%,"1,444.1","1,597.7",79.3254432
03/26/2021,1.1072,0.90%,0.40%,"1,444.1","1,597.7",79.3254432
03/25/2021,1.1058,0.90%,0.40%,"1,444.1","1,597.7",79.3254432
03/24/2021,1.105,0.90%,0.40%,"1,444.1","1,597.7",79.3254432
03/23/2021,1.1065,0.90%,0.40%,"1,444.1","1,597.7",79.3254432
03/22/2021,1.1018,0.90%,0.40%,"1,444.1","1,597.7",79.3254432
03/19/2021,1.106,0.90%,0.40%,"1,444.1","1,597.7",79.3254432
03/18/2021,1.1044,0.90%,0.40%,"1,444.1","1,597.7",79.3254432
03/17/2021,1.1049,0.90%,0.40%,"1,444.1","1,597.7",79.3254432
03/16/2021,1.1002,0.90%,0.40%,"1,444.1","1,597.7",79.3254432
03/15/2021,1.106,0.90%,0.40%,"1,444.1","1,597.7",79.3254432
03/12/2021,1.1112,0.90%,0.40%,"1,444.1","1,597.7",79.3254432
03/11/2021,1.1076,0.90%,0.40%,"1,444.1","1,597.7",79.3254432
03/10/2021,1.1085,0.90%,0.40%,"1,444.1","1,597.7",79.3254432
03/09/2021,1.1035,0.90%,0.40%,"1,444.1","1,597.7",79.3254432
03/08/2021,1.1091,0.90%,0.40%,"1,444.1","1,597.7",79.3254432
03/05/2021,1.1094,0.90%,0.40%,"1,444.1","1,597.7",79.3254432
03/04/2021,1.111,0.90%,0.40%,"1,444.1","1,597.7",79.3254432
03/03/2021,1.1093,0.90%,0.40%,"1,444.1","1,597.7",79.3254432
03/02/2021,1.1058,0.90%,0.40%,"1,444.1","1,597.7",79.3254432
03/01/2021,1.1021,0.90%,0.40%,"1,444.1","1,597.7",79.3254432
02/26/2021,1.0966,0.90%,0.40%,"1,495.1","1,623.3",102.8875456
02/25/2021,1.1011,0.90%,0.40%,"1,495.1","1,623.3",102.8875456
02/24/2021,1.1022,0.90%,0.40%,"1,495.1","1,623.3",102.8875456
02/23/2021,1.0995,0.90%,0.40%,"1,495.1","1,623.3",102.8875456
02/22/2021,1.089,0.90%,0.40%,"1,495.1","1,623.3",102.8875456
02/19/2021,1.0859,0.90%,0.40%,"1,495.1","1,623.3",102.8875456
02/18/2021,1.0827,0.90%,0.40%,"1,495.1","1,623.3",102.8875456
02/17/2021,1.0816,0.90%,0.40%,"1,495.1","1,623.3",102.8875456
02/16/2021,1.0799,0.90%,0.40%,"1,495.1","1,623.3",102.8875456
02/15/2021,1.0795,0.90%,0.40%,"1,495.1","1,623.3",102.8875456
02/12/2021,1.0802,0.90%,0.40%,"1,495.1","1,623.3",102.8875456
02/11/2021,1.0791,0.90%,0.40%,"1,495.1","1,623.3",102.8875456
02/10/2021,1.0783,0.90%,0.40%,"1,495.1","1,623.3",102.8875456
02/09/2021,1.081,0.90%,0.40%,"1,495.1","1,623.3",102.8875456
02/08/2021,1.0826,0.90%,0.40%,"1,495.1","1,623.3",102.8875456
02/05/2021,1.0823,0.90%,0.40%,"1,495.1","1,623.3",102.8875456
02/04/2021,1.0817,0.90%,0.40%,"1,495.1","1,623.3",102.8875456
02/03/2021,1.0816,0.90%,0.40%,"1,495.1","1,623.3",102.8875456
02/02/2021,1.0804,0.90%,0.40%,"1,495.1","1,623.3",102.8875456
02/01/2021,1.0815,0.90%,0.40%,"1,495.1","1,623.3",102.8875456
01/29/2021,1.0805,0.90%,0.40%,"1,533.9","1,655.7",43.53951011
01/28/2021,1.0772,0.90%,0.40%,"1,533.9","1,655.7",43.53951011
01/27/2021,1.0762,0.90%,0.40%,"1,533.9","1,655.7",43.53951011
01/26/2021,1.0779,0.90%,0.40%,"1,533.9","1,655.7",43.53951011
01/25/2021,1.078,0.90%,0.40%,"1,533.9","1,655.7",43.53951011
01/22/2021,1.077,0.90%,0.40%,"1,533.9","1,655.7",43.53951011
01/21/2021,1.0765,0.90%,0.40%,"1,533.9","1,655.7",43.53951011
01/20/2021,1.0767,0.90%,0.40%,"1,533.9","1,655.7",43.53951011
01/19/2021,1.0773,0.90%,0.40%,"1,533.9","1,655.7",43.53951011
01/18/2021,1.0755,0.90%,0.40%,"1,533.9","1,655.7",43.53951011
01/15/2021,1.0758,0.90%,0.40%,"1,533.9","1,655.7",43.53951011
01/14/2021,1.0795,0.90%,0.40%,"1,533.9","1,655.7",43.53951011
01/13/2021,1.0791,0.90%,0.40%,"1,533.9","1,655.7",43.53951011
01/12/2021,1.0816,0.90%,0.40%,"1,533.9","1,655.7",43.53951011
01/11/2021,1.0814,0.90%,0.40%,"1,533.9","1,655.7",43.53951011
01/08/2021,1.0818,0.90%,0.40%,"1,533.9","1,655.7",43.53951011
01/07/2021,1.086,0.90%,0.40%,"1,533.9","1,655.7",43.53951011
01/06/2021,1.0825,0.90%,0.40%,"1,533.9","1,655.7",43.53951011
01/05/2021,1.0798,0.90%,0.40%,"1,533.9","1,655.7",43.53951011
01/04/2021,1.0794,0.90%,0.40%,"1,533.9","1,655.7",43.53951011
01/01/2021,1.0742,0.90%,0.40%,"1,533.9","1,655.7",43.53951011
